{
    "plugins": [
        "mobi.monaca.plugins.Monaca",
        "org.apache.cordova.splashscreen",
        "plugin.push.nifty"
    ],
    "framework_version": "3.5",
    "xcode_version": "6",
    "cordova_version": "4.1",
    "plugin_settings": [],
    "title-ja": "ncmb_installation_change",
    "title-en": "",
    "description-ja": "",
    "description-en": "",
    "category": "User Template",
    "platform": [
        "android",
        "ios",
        "winrt",
        "chrome"
    ],
    "name": "generated-1442105801-55f3e4d67e2193a81e051e63"
}